instruction,context,response,topic,source,type
"Scenario: A 28-year-old earning ₹90,000 per month wants to allocate income for lifestyle, emergency savings, and an investment portfolio. They have a high risk tolerance and aim to accumulate ₹1 crore by age 50.","Suggested budget ratio:
1. Budgeting: Use a 40/30/30 rule (40% needs, 30% lifestyle, 30% savings).
2. Emergency Fund: Save ₹15,000 monthly until 6 months’ expenses are saved.
3. Investment: Allocate 70% of savings to equities, 20% to debt, and 10% to high-yield savings.
4. Retirement Goal: To reach ₹1 crore, aim for high-growth investments yielding 10% annually.","For this plan:
1. Use 40% of income for essential expenses, 30% for lifestyle, and 30% for savings.
2. Save ₹15,000 monthly until the emergency fund goal is met.
3. Invest the remaining savings in a high-growth portfolio: 70% equities, 20% debt, 10% high-yield savings.
4. With this approach, your retirement goal of ₹1 crore by 50 is achievable if you consistently save and invest in growth-oriented assets.",Integrated Financial Planning,Young Professionals Investment Guide,Customized Scenario
"Scenario: A 35-year-old with a monthly income of ₹1,50,000 and outstanding personal loan wants to pay off debt, save for emergencies, and invest for retirement.","Recommended approach:
1. Budgeting: Use a 50/20/30 rule (50% for essentials, 20% for debt repayment, 30% for savings).
2. Emergency Fund: Build a fund covering 3 months’ expenses by saving ₹20,000 monthly.
3. Debt Repayment: Prioritize loan repayment with 20% of income until cleared.
4. Retirement Savings: Direct remaining savings towards diversified mutual funds for long-term growth.","Suggested actions:
1. Allocate 50% of income for essentials, 20% for debt repayment, and 30% for savings.
2. Build an emergency fund over 6-8 months by setting aside ₹20,000 monthly.
3. Focus on clearing high-interest debt with 20% of income.
4. After debt clearance, redirect savings into diversified mutual funds to build a retirement corpus.",Debt Management and Retirement,Debt-Free Living Guide,Debt-Focused Scenario
"Scenario: A 25-year-old with a monthly income of ₹40000 wants to aggressively invest for wealth growth, while building an emergency fund. They plan to retire with at least ₹5000000.","Recommended approach:
1. Budgeting: Use a 40/30/30 rule (40% needs, 30% discretionary, 30% savings).
2. Emergency Fund: Set aside ₹10,000 monthly until 3 months’ expenses are covered.
3. Investment: Allocate 80% of savings to high-growth equities, 20% to debt instruments.
4. Retirement Goal: With an aggressive investment, aim to accumulate ₹5000000 by age 60.","Suggested actions:
1. Allocate 40% for essentials, 30% for lifestyle, and 30% for savings.
2. Build an emergency fund within the next year.
3. Invest heavily in equities (80%) and 20% in safer instruments to balance.
4. This aggressive strategy will help achieve a retirement corpus of ₹5000000 by age 60.",Integrated Financial Planning,Flexible Financial Guide,Aggressive Investment Scenario
"Scenario: A 26-year-old with a monthly income of ₹50000 wants to aggressively invest for wealth growth, while building an emergency fund. They plan to retire with at least ₹5500000.","Recommended approach:
1. Budgeting: Use a 40/30/30 rule (40% needs, 30% discretionary, 30% savings).
2. Emergency Fund: Set aside ₹10,000 monthly until 3 months’ expenses are covered.
3. Investment: Allocate 80% of savings to high-growth equities, 20% to debt instruments.
4. Retirement Goal: With an aggressive investment, aim to accumulate ₹5500000 by age 60.","Suggested actions:
1. Allocate 40% for essentials, 30% for lifestyle, and 30% for savings.
2. Build an emergency fund within the next year.
3. Invest heavily in equities (80%) and 20% in safer instruments to balance.
4. This aggressive strategy will help achieve a retirement corpus of ₹5500000 by age 60.",Integrated Financial Planning,Family Finance Planner,Aggressive Investment Scenario
"Scenario: A 27-year-old with a monthly income of ₹60000 wants to aggressively invest for wealth growth, while building an emergency fund. They plan to retire with at least ₹6000000.","Recommended approach:
1. Budgeting: Use a 40/30/30 rule (40% needs, 30% discretionary, 30% savings).
2. Emergency Fund: Set aside ₹10,000 monthly until 3 months’ expenses are covered.
3. Investment: Allocate 80% of savings to high-growth equities, 20% to debt instruments.
4. Retirement Goal: With an aggressive investment, aim to accumulate ₹6000000 by age 60.","Suggested actions:
1. Allocate 40% for essentials, 30% for lifestyle, and 30% for savings.
2. Build an emergency fund within the next year.
3. Invest heavily in equities (80%) and 20% in safer instruments to balance.
4. This aggressive strategy will help achieve a retirement corpus of ₹6000000 by age 60.",Integrated Financial Planning,Investment Strategy Handbook,Aggressive Investment Scenario
"Scenario: A 28-year-old with a monthly income of ₹70000 wants to aggressively invest for wealth growth, while building an emergency fund. They plan to retire with at least ₹6500000.","Recommended approach:
1. Budgeting: Use a 40/30/30 rule (40% needs, 30% discretionary, 30% savings).
2. Emergency Fund: Set aside ₹10,000 monthly until 3 months’ expenses are covered.
3. Investment: Allocate 80% of savings to high-growth equities, 20% to debt instruments.
4. Retirement Goal: With an aggressive investment, aim to accumulate ₹6500000 by age 60.","Suggested actions:
1. Allocate 40% for essentials, 30% for lifestyle, and 30% for savings.
2. Build an emergency fund within the next year.
3. Invest heavily in equities (80%) and 20% in safer instruments to balance.
4. This aggressive strategy will help achieve a retirement corpus of ₹6500000 by age 60.",Integrated Financial Planning,Debt Management Guide,Aggressive Investment Scenario
"Scenario: A 29-year-old with a monthly income of ₹80000 wants to aggressively invest for wealth growth, while building an emergency fund. They plan to retire with at least ₹7000000.","Recommended approach:
1. Budgeting: Use a 40/30/30 rule (40% needs, 30% discretionary, 30% savings).
2. Emergency Fund: Set aside ₹10,000 monthly until 3 months’ expenses are covered.
3. Investment: Allocate 80% of savings to high-growth equities, 20% to debt instruments.
4. Retirement Goal: With an aggressive investment, aim to accumulate ₹7000000 by age 60.","Suggested actions:
1. Allocate 40% for essentials, 30% for lifestyle, and 30% for savings.
2. Build an emergency fund within the next year.
3. Invest heavily in equities (80%) and 20% in safer instruments to balance.
4. This aggressive strategy will help achieve a retirement corpus of ₹7000000 by age 60.",Integrated Financial Planning,Insurance & Security Planning,Aggressive Investment Scenario
"Scenario: A 30-year-old professional with an income of ₹90000 needs a financial plan to support family, save for children’s education, and plan for retirement with ₹7500000.","Suggested steps:
1. Budgeting: 50/20/30 rule (50% for family needs, 20% for children’s education, 30% for savings).
2. Education Fund: Allocate ₹15,000 monthly to save for children’s future education.
3. Retirement: Use a balanced portfolio with 50% equities, 30% debt, 20% in stable instruments.
4. Retirement Goal: Consistently invest 30% to reach ₹7500000 by age 60.","Financial actions:
1. Prioritize budgeting 50% for needs, 20% for education savings, and 30% for retirement.
2. Save ₹15,000 monthly for an education fund.
3. Balance retirement investments in equities and debt.
4. Consistent savings of 30% can secure a retirement fund of ₹7500000.",Integrated Financial Planning,Long-Term Savings Manual,Family-Focused Financial Plan
"Scenario: A 31-year-old professional with an income of ₹100000 needs a financial plan to support family, save for children’s education, and plan for retirement with ₹8000000.","Suggested steps:
1. Budgeting: 50/20/30 rule (50% for family needs, 20% for children’s education, 30% for savings).
2. Education Fund: Allocate ₹15,000 monthly to save for children’s future education.
3. Retirement: Use a balanced portfolio with 50% equities, 30% debt, 20% in stable instruments.
4. Retirement Goal: Consistently invest 30% to reach ₹8000000 by age 60.","Financial actions:
1. Prioritize budgeting 50% for needs, 20% for education savings, and 30% for retirement.
2. Save ₹15,000 monthly for an education fund.
3. Balance retirement investments in equities and debt.
4. Consistent savings of 30% can secure a retirement fund of ₹8000000.",Integrated Financial Planning,Flexible Financial Guide,Family-Focused Financial Plan
"Scenario: A 32-year-old professional with an income of ₹110000 needs a financial plan to support family, save for children’s education, and plan for retirement with ₹8500000.","Suggested steps:
1. Budgeting: 50/20/30 rule (50% for family needs, 20% for children’s education, 30% for savings).
2. Education Fund: Allocate ₹15,000 monthly to save for children’s future education.
3. Retirement: Use a balanced portfolio with 50% equities, 30% debt, 20% in stable instruments.
4. Retirement Goal: Consistently invest 30% to reach ₹8500000 by age 60.","Financial actions:
1. Prioritize budgeting 50% for needs, 20% for education savings, and 30% for retirement.
2. Save ₹15,000 monthly for an education fund.
3. Balance retirement investments in equities and debt.
4. Consistent savings of 30% can secure a retirement fund of ₹8500000.",Integrated Financial Planning,Family Finance Planner,Family-Focused Financial Plan
"Scenario: A 33-year-old professional with an income of ₹40000 needs a financial plan to support family, save for children’s education, and plan for retirement with ₹9000000.","Suggested steps:
1. Budgeting: 50/20/30 rule (50% for family needs, 20% for children’s education, 30% for savings).
2. Education Fund: Allocate ₹15,000 monthly to save for children’s future education.
3. Retirement: Use a balanced portfolio with 50% equities, 30% debt, 20% in stable instruments.
4. Retirement Goal: Consistently invest 30% to reach ₹9000000 by age 60.","Financial actions:
1. Prioritize budgeting 50% for needs, 20% for education savings, and 30% for retirement.
2. Save ₹15,000 monthly for an education fund.
3. Balance retirement investments in equities and debt.
4. Consistent savings of 30% can secure a retirement fund of ₹9000000.",Integrated Financial Planning,Investment Strategy Handbook,Family-Focused Financial Plan
"Scenario: A 34-year-old professional with an income of ₹50000 needs a financial plan to support family, save for children’s education, and plan for retirement with ₹9500000.","Suggested steps:
1. Budgeting: 50/20/30 rule (50% for family needs, 20% for children’s education, 30% for savings).
2. Education Fund: Allocate ₹15,000 monthly to save for children’s future education.
3. Retirement: Use a balanced portfolio with 50% equities, 30% debt, 20% in stable instruments.
4. Retirement Goal: Consistently invest 30% to reach ₹9500000 by age 60.","Financial actions:
1. Prioritize budgeting 50% for needs, 20% for education savings, and 30% for retirement.
2. Save ₹15,000 monthly for an education fund.
3. Balance retirement investments in equities and debt.
4. Consistent savings of 30% can secure a retirement fund of ₹9500000.",Integrated Financial Planning,Debt Management Guide,Family-Focused Financial Plan
"Scenario: A 35-year-old professional with an income of ₹60000 needs a financial plan to support family, save for children’s education, and plan for retirement with ₹5000000.","Suggested steps:
1. Budgeting: 50/20/30 rule (50% for family needs, 20% for children’s education, 30% for savings).
2. Education Fund: Allocate ₹15,000 monthly to save for children’s future education.
3. Retirement: Use a balanced portfolio with 50% equities, 30% debt, 20% in stable instruments.
4. Retirement Goal: Consistently invest 30% to reach ₹5000000 by age 60.","Financial actions:
1. Prioritize budgeting 50% for needs, 20% for education savings, and 30% for retirement.
2. Save ₹15,000 monthly for an education fund.
3. Balance retirement investments in equities and debt.
4. Consistent savings of 30% can secure a retirement fund of ₹5000000.",Integrated Financial Planning,Insurance & Security Planning,Family-Focused Financial Plan
"Scenario: A 36-year-old professional with an income of ₹70000 needs a financial plan to support family, save for children’s education, and plan for retirement with ₹5500000.","Suggested steps:
1. Budgeting: 50/20/30 rule (50% for family needs, 20% for children’s education, 30% for savings).
2. Education Fund: Allocate ₹15,000 monthly to save for children’s future education.
3. Retirement: Use a balanced portfolio with 50% equities, 30% debt, 20% in stable instruments.
4. Retirement Goal: Consistently invest 30% to reach ₹5500000 by age 60.","Financial actions:
1. Prioritize budgeting 50% for needs, 20% for education savings, and 30% for retirement.
2. Save ₹15,000 monthly for an education fund.
3. Balance retirement investments in equities and debt.
4. Consistent savings of 30% can secure a retirement fund of ₹5500000.",Integrated Financial Planning,Long-Term Savings Manual,Family-Focused Financial Plan
"Scenario: A 37-year-old professional with an income of ₹80000 needs a financial plan to support family, save for children’s education, and plan for retirement with ₹6000000.","Suggested steps:
1. Budgeting: 50/20/30 rule (50% for family needs, 20% for children’s education, 30% for savings).
2. Education Fund: Allocate ₹15,000 monthly to save for children’s future education.
3. Retirement: Use a balanced portfolio with 50% equities, 30% debt, 20% in stable instruments.
4. Retirement Goal: Consistently invest 30% to reach ₹6000000 by age 60.","Financial actions:
1. Prioritize budgeting 50% for needs, 20% for education savings, and 30% for retirement.
2. Save ₹15,000 monthly for an education fund.
3. Balance retirement investments in equities and debt.
4. Consistent savings of 30% can secure a retirement fund of ₹6000000.",Integrated Financial Planning,Flexible Financial Guide,Family-Focused Financial Plan
"Scenario: A 38-year-old professional with an income of ₹90000 needs a financial plan to support family, save for children’s education, and plan for retirement with ₹6500000.","Suggested steps:
1. Budgeting: 50/20/30 rule (50% for family needs, 20% for children’s education, 30% for savings).
2. Education Fund: Allocate ₹15,000 monthly to save for children’s future education.
3. Retirement: Use a balanced portfolio with 50% equities, 30% debt, 20% in stable instruments.
4. Retirement Goal: Consistently invest 30% to reach ₹6500000 by age 60.","Financial actions:
1. Prioritize budgeting 50% for needs, 20% for education savings, and 30% for retirement.
2. Save ₹15,000 monthly for an education fund.
3. Balance retirement investments in equities and debt.
4. Consistent savings of 30% can secure a retirement fund of ₹6500000.",Integrated Financial Planning,Family Finance Planner,Family-Focused Financial Plan
"Scenario: A 39-year-old professional with an income of ₹100000 needs a financial plan to support family, save for children’s education, and plan for retirement with ₹7000000.","Suggested steps:
1. Budgeting: 50/20/30 rule (50% for family needs, 20% for children’s education, 30% for savings).
2. Education Fund: Allocate ₹15,000 monthly to save for children’s future education.
3. Retirement: Use a balanced portfolio with 50% equities, 30% debt, 20% in stable instruments.
4. Retirement Goal: Consistently invest 30% to reach ₹7000000 by age 60.","Financial actions:
1. Prioritize budgeting 50% for needs, 20% for education savings, and 30% for retirement.
2. Save ₹15,000 monthly for an education fund.
3. Balance retirement investments in equities and debt.
4. Consistent savings of 30% can secure a retirement fund of ₹7000000.",Integrated Financial Planning,Investment Strategy Handbook,Family-Focused Financial Plan
"Scenario: A 40-year-old professional with an income of ₹110000 needs a financial plan to support family, save for children’s education, and plan for retirement with ₹7500000.","Suggested steps:
1. Budgeting: 50/20/30 rule (50% for family needs, 20% for children’s education, 30% for savings).
2. Education Fund: Allocate ₹15,000 monthly to save for children’s future education.
3. Retirement: Use a balanced portfolio with 50% equities, 30% debt, 20% in stable instruments.
4. Retirement Goal: Consistently invest 30% to reach ₹7500000 by age 60.","Financial actions:
1. Prioritize budgeting 50% for needs, 20% for education savings, and 30% for retirement.
2. Save ₹15,000 monthly for an education fund.
3. Balance retirement investments in equities and debt.
4. Consistent savings of 30% can secure a retirement fund of ₹7500000.",Integrated Financial Planning,Debt Management Guide,Family-Focused Financial Plan
"Scenario: A 41-year-old professional with an income of ₹40000 needs a financial plan to support family, save for children’s education, and plan for retirement with ₹8000000.","Suggested steps:
1. Budgeting: 50/20/30 rule (50% for family needs, 20% for children’s education, 30% for savings).
2. Education Fund: Allocate ₹15,000 monthly to save for children’s future education.
3. Retirement: Use a balanced portfolio with 50% equities, 30% debt, 20% in stable instruments.
4. Retirement Goal: Consistently invest 30% to reach ₹8000000 by age 60.","Financial actions:
1. Prioritize budgeting 50% for needs, 20% for education savings, and 30% for retirement.
2. Save ₹15,000 monthly for an education fund.
3. Balance retirement investments in equities and debt.
4. Consistent savings of 30% can secure a retirement fund of ₹8000000.",Integrated Financial Planning,Insurance & Security Planning,Family-Focused Financial Plan
"Scenario: A 42-year-old professional with an income of ₹50000 needs a financial plan to support family, save for children’s education, and plan for retirement with ₹8500000.","Suggested steps:
1. Budgeting: 50/20/30 rule (50% for family needs, 20% for children’s education, 30% for savings).
2. Education Fund: Allocate ₹15,000 monthly to save for children’s future education.
3. Retirement: Use a balanced portfolio with 50% equities, 30% debt, 20% in stable instruments.
4. Retirement Goal: Consistently invest 30% to reach ₹8500000 by age 60.","Financial actions:
1. Prioritize budgeting 50% for needs, 20% for education savings, and 30% for retirement.
2. Save ₹15,000 monthly for an education fund.
3. Balance retirement investments in equities and debt.
4. Consistent savings of 30% can secure a retirement fund of ₹8500000.",Integrated Financial Planning,Long-Term Savings Manual,Family-Focused Financial Plan
"Scenario: A 43-year-old professional with an income of ₹60000 needs a financial plan to support family, save for children’s education, and plan for retirement with ₹9000000.","Suggested steps:
1. Budgeting: 50/20/30 rule (50% for family needs, 20% for children’s education, 30% for savings).
2. Education Fund: Allocate ₹15,000 monthly to save for children’s future education.
3. Retirement: Use a balanced portfolio with 50% equities, 30% debt, 20% in stable instruments.
4. Retirement Goal: Consistently invest 30% to reach ₹9000000 by age 60.","Financial actions:
1. Prioritize budgeting 50% for needs, 20% for education savings, and 30% for retirement.
2. Save ₹15,000 monthly for an education fund.
3. Balance retirement investments in equities and debt.
4. Consistent savings of 30% can secure a retirement fund of ₹9000000.",Integrated Financial Planning,Flexible Financial Guide,Family-Focused Financial Plan
"Scenario: A 44-year-old professional with an income of ₹70000 needs a financial plan to support family, save for children’s education, and plan for retirement with ₹9500000.","Suggested steps:
1. Budgeting: 50/20/30 rule (50% for family needs, 20% for children’s education, 30% for savings).
2. Education Fund: Allocate ₹15,000 monthly to save for children’s future education.
3. Retirement: Use a balanced portfolio with 50% equities, 30% debt, 20% in stable instruments.
4. Retirement Goal: Consistently invest 30% to reach ₹9500000 by age 60.","Financial actions:
1. Prioritize budgeting 50% for needs, 20% for education savings, and 30% for retirement.
2. Save ₹15,000 monthly for an education fund.
3. Balance retirement investments in equities and debt.
4. Consistent savings of 30% can secure a retirement fund of ₹9500000.",Integrated Financial Planning,Family Finance Planner,Family-Focused Financial Plan
"Scenario: A 45-year-old nearing retirement with ₹80000 monthly income wants to preserve capital, secure health insurance, and prepare for a stable retirement.","Recommended strategy:
1. Budgeting: 40/20/40 rule (40% for essentials, 20% discretionary, 40% savings).
2. Insurance: Get comprehensive health coverage and term life insurance.
3. Retirement Portfolio: Invest 70% in debt funds and 30% in low-risk bonds or FDs.
4. Focus: Capital preservation to ensure a steady income in retirement.","For this scenario:
1. Follow a 40/20/40 budgeting rule.
2. Prioritize health insurance coverage and secure life insurance if needed.
3. Invest conservatively in debt funds and fixed deposits.
4. This strategy ensures stable income and minimal risk as you enter retirement.",Integrated Financial Planning,Investment Strategy Handbook,Retirement Preservation Scenario
"Scenario: A 46-year-old nearing retirement with ₹90000 monthly income wants to preserve capital, secure health insurance, and prepare for a stable retirement.","Recommended strategy:
1. Budgeting: 40/20/40 rule (40% for essentials, 20% discretionary, 40% savings).
2. Insurance: Get comprehensive health coverage and term life insurance.
3. Retirement Portfolio: Invest 70% in debt funds and 30% in low-risk bonds or FDs.
4. Focus: Capital preservation to ensure a steady income in retirement.","For this scenario:
1. Follow a 40/20/40 budgeting rule.
2. Prioritize health insurance coverage and secure life insurance if needed.
3. Invest conservatively in debt funds and fixed deposits.
4. This strategy ensures stable income and minimal risk as you enter retirement.",Integrated Financial Planning,Debt Management Guide,Retirement Preservation Scenario
"Scenario: A 47-year-old nearing retirement with ₹100000 monthly income wants to preserve capital, secure health insurance, and prepare for a stable retirement.","Recommended strategy:
1. Budgeting: 40/20/40 rule (40% for essentials, 20% discretionary, 40% savings).
2. Insurance: Get comprehensive health coverage and term life insurance.
3. Retirement Portfolio: Invest 70% in debt funds and 30% in low-risk bonds or FDs.
4. Focus: Capital preservation to ensure a steady income in retirement.","For this scenario:
1. Follow a 40/20/40 budgeting rule.
2. Prioritize health insurance coverage and secure life insurance if needed.
3. Invest conservatively in debt funds and fixed deposits.
4. This strategy ensures stable income and minimal risk as you enter retirement.",Integrated Financial Planning,Insurance & Security Planning,Retirement Preservation Scenario
"Scenario: A 48-year-old nearing retirement with ₹110000 monthly income wants to preserve capital, secure health insurance, and prepare for a stable retirement.","Recommended strategy:
1. Budgeting: 40/20/40 rule (40% for essentials, 20% discretionary, 40% savings).
2. Insurance: Get comprehensive health coverage and term life insurance.
3. Retirement Portfolio: Invest 70% in debt funds and 30% in low-risk bonds or FDs.
4. Focus: Capital preservation to ensure a steady income in retirement.","For this scenario:
1. Follow a 40/20/40 budgeting rule.
2. Prioritize health insurance coverage and secure life insurance if needed.
3. Invest conservatively in debt funds and fixed deposits.
4. This strategy ensures stable income and minimal risk as you enter retirement.",Integrated Financial Planning,Long-Term Savings Manual,Retirement Preservation Scenario
"Scenario: A 49-year-old nearing retirement with ₹40000 monthly income wants to preserve capital, secure health insurance, and prepare for a stable retirement.","Recommended strategy:
1. Budgeting: 40/20/40 rule (40% for essentials, 20% discretionary, 40% savings).
2. Insurance: Get comprehensive health coverage and term life insurance.
3. Retirement Portfolio: Invest 70% in debt funds and 30% in low-risk bonds or FDs.
4. Focus: Capital preservation to ensure a steady income in retirement.","For this scenario:
1. Follow a 40/20/40 budgeting rule.
2. Prioritize health insurance coverage and secure life insurance if needed.
3. Invest conservatively in debt funds and fixed deposits.
4. This strategy ensures stable income and minimal risk as you enter retirement.",Integrated Financial Planning,Flexible Financial Guide,Retirement Preservation Scenario
"Scenario: A 50-year-old nearing retirement with ₹50000 monthly income wants to preserve capital, secure health insurance, and prepare for a stable retirement.","Recommended strategy:
1. Budgeting: 40/20/40 rule (40% for essentials, 20% discretionary, 40% savings).
2. Insurance: Get comprehensive health coverage and term life insurance.
3. Retirement Portfolio: Invest 70% in debt funds and 30% in low-risk bonds or FDs.
4. Focus: Capital preservation to ensure a steady income in retirement.","For this scenario:
1. Follow a 40/20/40 budgeting rule.
2. Prioritize health insurance coverage and secure life insurance if needed.
3. Invest conservatively in debt funds and fixed deposits.
4. This strategy ensures stable income and minimal risk as you enter retirement.",Integrated Financial Planning,Family Finance Planner,Retirement Preservation Scenario
"Scenario: A 51-year-old nearing retirement with ₹60000 monthly income wants to preserve capital, secure health insurance, and prepare for a stable retirement.","Recommended strategy:
1. Budgeting: 40/20/40 rule (40% for essentials, 20% discretionary, 40% savings).
2. Insurance: Get comprehensive health coverage and term life insurance.
3. Retirement Portfolio: Invest 70% in debt funds and 30% in low-risk bonds or FDs.
4. Focus: Capital preservation to ensure a steady income in retirement.","For this scenario:
1. Follow a 40/20/40 budgeting rule.
2. Prioritize health insurance coverage and secure life insurance if needed.
3. Invest conservatively in debt funds and fixed deposits.
4. This strategy ensures stable income and minimal risk as you enter retirement.",Integrated Financial Planning,Investment Strategy Handbook,Retirement Preservation Scenario
"Scenario: A 52-year-old nearing retirement with ₹70000 monthly income wants to preserve capital, secure health insurance, and prepare for a stable retirement.","Recommended strategy:
1. Budgeting: 40/20/40 rule (40% for essentials, 20% discretionary, 40% savings).
2. Insurance: Get comprehensive health coverage and term life insurance.
3. Retirement Portfolio: Invest 70% in debt funds and 30% in low-risk bonds or FDs.
4. Focus: Capital preservation to ensure a steady income in retirement.","For this scenario:
1. Follow a 40/20/40 budgeting rule.
2. Prioritize health insurance coverage and secure life insurance if needed.
3. Invest conservatively in debt funds and fixed deposits.
4. This strategy ensures stable income and minimal risk as you enter retirement.",Integrated Financial Planning,Debt Management Guide,Retirement Preservation Scenario
"Scenario: A 53-year-old nearing retirement with ₹80000 monthly income wants to preserve capital, secure health insurance, and prepare for a stable retirement.","Recommended strategy:
1. Budgeting: 40/20/40 rule (40% for essentials, 20% discretionary, 40% savings).
2. Insurance: Get comprehensive health coverage and term life insurance.
3. Retirement Portfolio: Invest 70% in debt funds and 30% in low-risk bonds or FDs.
4. Focus: Capital preservation to ensure a steady income in retirement.","For this scenario:
1. Follow a 40/20/40 budgeting rule.
2. Prioritize health insurance coverage and secure life insurance if needed.
3. Invest conservatively in debt funds and fixed deposits.
4. This strategy ensures stable income and minimal risk as you enter retirement.",Integrated Financial Planning,Insurance & Security Planning,Retirement Preservation Scenario
"Scenario: A 54-year-old nearing retirement with ₹90000 monthly income wants to preserve capital, secure health insurance, and prepare for a stable retirement.","Recommended strategy:
1. Budgeting: 40/20/40 rule (40% for essentials, 20% discretionary, 40% savings).
2. Insurance: Get comprehensive health coverage and term life insurance.
3. Retirement Portfolio: Invest 70% in debt funds and 30% in low-risk bonds or FDs.
4. Focus: Capital preservation to ensure a steady income in retirement.","For this scenario:
1. Follow a 40/20/40 budgeting rule.
2. Prioritize health insurance coverage and secure life insurance if needed.
3. Invest conservatively in debt funds and fixed deposits.
4. This strategy ensures stable income and minimal risk as you enter retirement.",Integrated Financial Planning,Long-Term Savings Manual,Retirement Preservation Scenario
"Scenario: A 55-year-old nearing retirement with ₹100000 monthly income wants to preserve capital, secure health insurance, and prepare for a stable retirement.","Recommended strategy:
1. Budgeting: 40/20/40 rule (40% for essentials, 20% discretionary, 40% savings).
2. Insurance: Get comprehensive health coverage and term life insurance.
3. Retirement Portfolio: Invest 70% in debt funds and 30% in low-risk bonds or FDs.
4. Focus: Capital preservation to ensure a steady income in retirement.","For this scenario:
1. Follow a 40/20/40 budgeting rule.
2. Prioritize health insurance coverage and secure life insurance if needed.
3. Invest conservatively in debt funds and fixed deposits.
4. This strategy ensures stable income and minimal risk as you enter retirement.",Integrated Financial Planning,Flexible Financial Guide,Retirement Preservation Scenario
"Scenario: A 56-year-old nearing retirement with ₹110000 monthly income wants to preserve capital, secure health insurance, and prepare for a stable retirement.","Recommended strategy:
1. Budgeting: 40/20/40 rule (40% for essentials, 20% discretionary, 40% savings).
2. Insurance: Get comprehensive health coverage and term life insurance.
3. Retirement Portfolio: Invest 70% in debt funds and 30% in low-risk bonds or FDs.
4. Focus: Capital preservation to ensure a steady income in retirement.","For this scenario:
1. Follow a 40/20/40 budgeting rule.
2. Prioritize health insurance coverage and secure life insurance if needed.
3. Invest conservatively in debt funds and fixed deposits.
4. This strategy ensures stable income and minimal risk as you enter retirement.",Integrated Financial Planning,Family Finance Planner,Retirement Preservation Scenario
"Scenario: A 57-year-old nearing retirement with ₹40000 monthly income wants to preserve capital, secure health insurance, and prepare for a stable retirement.","Recommended strategy:
1. Budgeting: 40/20/40 rule (40% for essentials, 20% discretionary, 40% savings).
2. Insurance: Get comprehensive health coverage and term life insurance.
3. Retirement Portfolio: Invest 70% in debt funds and 30% in low-risk bonds or FDs.
4. Focus: Capital preservation to ensure a steady income in retirement.","For this scenario:
1. Follow a 40/20/40 budgeting rule.
2. Prioritize health insurance coverage and secure life insurance if needed.
3. Invest conservatively in debt funds and fixed deposits.
4. This strategy ensures stable income and minimal risk as you enter retirement.",Integrated Financial Planning,Investment Strategy Handbook,Retirement Preservation Scenario
"Scenario: A 58-year-old nearing retirement with ₹50000 monthly income wants to preserve capital, secure health insurance, and prepare for a stable retirement.","Recommended strategy:
1. Budgeting: 40/20/40 rule (40% for essentials, 20% discretionary, 40% savings).
2. Insurance: Get comprehensive health coverage and term life insurance.
3. Retirement Portfolio: Invest 70% in debt funds and 30% in low-risk bonds or FDs.
4. Focus: Capital preservation to ensure a steady income in retirement.","For this scenario:
1. Follow a 40/20/40 budgeting rule.
2. Prioritize health insurance coverage and secure life insurance if needed.
3. Invest conservatively in debt funds and fixed deposits.
4. This strategy ensures stable income and minimal risk as you enter retirement.",Integrated Financial Planning,Debt Management Guide,Retirement Preservation Scenario
"Scenario: A 59-year-old nearing retirement with ₹60000 monthly income wants to preserve capital, secure health insurance, and prepare for a stable retirement.","Recommended strategy:
1. Budgeting: 40/20/40 rule (40% for essentials, 20% discretionary, 40% savings).
2. Insurance: Get comprehensive health coverage and term life insurance.
3. Retirement Portfolio: Invest 70% in debt funds and 30% in low-risk bonds or FDs.
4. Focus: Capital preservation to ensure a steady income in retirement.","For this scenario:
1. Follow a 40/20/40 budgeting rule.
2. Prioritize health insurance coverage and secure life insurance if needed.
3. Invest conservatively in debt funds and fixed deposits.
4. This strategy ensures stable income and minimal risk as you enter retirement.",Integrated Financial Planning,Insurance & Security Planning,Retirement Preservation Scenario
"Scenario: A 25-year-old with a monthly income of ₹70000 wants to aggressively invest for wealth growth, while building an emergency fund. They plan to retire with at least ₹7500000.","Recommended approach:
1. Budgeting: Use a 40/30/30 rule (40% needs, 30% discretionary, 30% savings).
2. Emergency Fund: Set aside ₹10,000 monthly until 3 months’ expenses are covered.
3. Investment: Allocate 80% of savings to high-growth equities, 20% to debt instruments.
4. Retirement Goal: With an aggressive investment, aim to accumulate ₹7500000 by age 60.","Suggested actions:
1. Allocate 40% for essentials, 30% for lifestyle, and 30% for savings.
2. Build an emergency fund within the next year.
3. Invest heavily in equities (80%) and 20% in safer instruments to balance.
4. This aggressive strategy will help achieve a retirement corpus of ₹7500000 by age 60.",Integrated Financial Planning,Long-Term Savings Manual,Aggressive Investment Scenario
"Scenario: A 26-year-old with a monthly income of ₹80000 wants to aggressively invest for wealth growth, while building an emergency fund. They plan to retire with at least ₹8000000.","Recommended approach:
1. Budgeting: Use a 40/30/30 rule (40% needs, 30% discretionary, 30% savings).
2. Emergency Fund: Set aside ₹10,000 monthly until 3 months’ expenses are covered.
3. Investment: Allocate 80% of savings to high-growth equities, 20% to debt instruments.
4. Retirement Goal: With an aggressive investment, aim to accumulate ₹8000000 by age 60.","Suggested actions:
1. Allocate 40% for essentials, 30% for lifestyle, and 30% for savings.
2. Build an emergency fund within the next year.
3. Invest heavily in equities (80%) and 20% in safer instruments to balance.
4. This aggressive strategy will help achieve a retirement corpus of ₹8000000 by age 60.",Integrated Financial Planning,Flexible Financial Guide,Aggressive Investment Scenario
"Scenario: A 27-year-old with a monthly income of ₹90000 wants to aggressively invest for wealth growth, while building an emergency fund. They plan to retire with at least ₹8500000.","Recommended approach:
1. Budgeting: Use a 40/30/30 rule (40% needs, 30% discretionary, 30% savings).
2. Emergency Fund: Set aside ₹10,000 monthly until 3 months’ expenses are covered.
3. Investment: Allocate 80% of savings to high-growth equities, 20% to debt instruments.
4. Retirement Goal: With an aggressive investment, aim to accumulate ₹8500000 by age 60.","Suggested actions:
1. Allocate 40% for essentials, 30% for lifestyle, and 30% for savings.
2. Build an emergency fund within the next year.
3. Invest heavily in equities (80%) and 20% in safer instruments to balance.
4. This aggressive strategy will help achieve a retirement corpus of ₹8500000 by age 60.",Integrated Financial Planning,Family Finance Planner,Aggressive Investment Scenario
"Scenario: A 28-year-old with a monthly income of ₹100000 wants to aggressively invest for wealth growth, while building an emergency fund. They plan to retire with at least ₹9000000.","Recommended approach:
1. Budgeting: Use a 40/30/30 rule (40% needs, 30% discretionary, 30% savings).
2. Emergency Fund: Set aside ₹10,000 monthly until 3 months’ expenses are covered.
3. Investment: Allocate 80% of savings to high-growth equities, 20% to debt instruments.
4. Retirement Goal: With an aggressive investment, aim to accumulate ₹9000000 by age 60.","Suggested actions:
1. Allocate 40% for essentials, 30% for lifestyle, and 30% for savings.
2. Build an emergency fund within the next year.
3. Invest heavily in equities (80%) and 20% in safer instruments to balance.
4. This aggressive strategy will help achieve a retirement corpus of ₹9000000 by age 60.",Integrated Financial Planning,Investment Strategy Handbook,Aggressive Investment Scenario
"Scenario: A 29-year-old with a monthly income of ₹110000 wants to aggressively invest for wealth growth, while building an emergency fund. They plan to retire with at least ₹9500000.","Recommended approach:
1. Budgeting: Use a 40/30/30 rule (40% needs, 30% discretionary, 30% savings).
2. Emergency Fund: Set aside ₹10,000 monthly until 3 months’ expenses are covered.
3. Investment: Allocate 80% of savings to high-growth equities, 20% to debt instruments.
4. Retirement Goal: With an aggressive investment, aim to accumulate ₹9500000 by age 60.","Suggested actions:
1. Allocate 40% for essentials, 30% for lifestyle, and 30% for savings.
2. Build an emergency fund within the next year.
3. Invest heavily in equities (80%) and 20% in safer instruments to balance.
4. This aggressive strategy will help achieve a retirement corpus of ₹9500000 by age 60.",Integrated Financial Planning,Debt Management Guide,Aggressive Investment Scenario
"Scenario: A 30-year-old professional with an income of ₹40000 needs a financial plan to support family, save for children’s education, and plan for retirement with ₹5000000.","Suggested steps:
1. Budgeting: 50/20/30 rule (50% for family needs, 20% for children’s education, 30% for savings).
2. Education Fund: Allocate ₹15,000 monthly to save for children’s future education.
3. Retirement: Use a balanced portfolio with 50% equities, 30% debt, 20% in stable instruments.
4. Retirement Goal: Consistently invest 30% to reach ₹5000000 by age 60.","Financial actions:
1. Prioritize budgeting 50% for needs, 20% for education savings, and 30% for retirement.
2. Save ₹15,000 monthly for an education fund.
3. Balance retirement investments in equities and debt.
4. Consistent savings of 30% can secure a retirement fund of ₹5000000.",Integrated Financial Planning,Insurance & Security Planning,Family-Focused Financial Plan
"Scenario: A 31-year-old professional with an income of ₹50000 needs a financial plan to support family, save for children’s education, and plan for retirement with ₹5500000.","Suggested steps:
1. Budgeting: 50/20/30 rule (50% for family needs, 20% for children’s education, 30% for savings).
2. Education Fund: Allocate ₹15,000 monthly to save for children’s future education.
3. Retirement: Use a balanced portfolio with 50% equities, 30% debt, 20% in stable instruments.
4. Retirement Goal: Consistently invest 30% to reach ₹5500000 by age 60.","Financial actions:
1. Prioritize budgeting 50% for needs, 20% for education savings, and 30% for retirement.
2. Save ₹15,000 monthly for an education fund.
3. Balance retirement investments in equities and debt.
4. Consistent savings of 30% can secure a retirement fund of ₹5500000.",Integrated Financial Planning,Long-Term Savings Manual,Family-Focused Financial Plan
"Scenario: A 32-year-old professional with an income of ₹60000 needs a financial plan to support family, save for children’s education, and plan for retirement with ₹6000000.","Suggested steps:
1. Budgeting: 50/20/30 rule (50% for family needs, 20% for children’s education, 30% for savings).
2. Education Fund: Allocate ₹15,000 monthly to save for children’s future education.
3. Retirement: Use a balanced portfolio with 50% equities, 30% debt, 20% in stable instruments.
4. Retirement Goal: Consistently invest 30% to reach ₹6000000 by age 60.","Financial actions:
1. Prioritize budgeting 50% for needs, 20% for education savings, and 30% for retirement.
2. Save ₹15,000 monthly for an education fund.
3. Balance retirement investments in equities and debt.
4. Consistent savings of 30% can secure a retirement fund of ₹6000000.",Integrated Financial Planning,Flexible Financial Guide,Family-Focused Financial Plan
"Scenario: A 33-year-old professional with an income of ₹70000 needs a financial plan to support family, save for children’s education, and plan for retirement with ₹6500000.","Suggested steps:
1. Budgeting: 50/20/30 rule (50% for family needs, 20% for children’s education, 30% for savings).
2. Education Fund: Allocate ₹15,000 monthly to save for children’s future education.
3. Retirement: Use a balanced portfolio with 50% equities, 30% debt, 20% in stable instruments.
4. Retirement Goal: Consistently invest 30% to reach ₹6500000 by age 60.","Financial actions:
1. Prioritize budgeting 50% for needs, 20% for education savings, and 30% for retirement.
2. Save ₹15,000 monthly for an education fund.
3. Balance retirement investments in equities and debt.
4. Consistent savings of 30% can secure a retirement fund of ₹6500000.",Integrated Financial Planning,Family Finance Planner,Family-Focused Financial Plan
"Scenario: A 34-year-old professional with an income of ₹80000 needs a financial plan to support family, save for children’s education, and plan for retirement with ₹7000000.","Suggested steps:
1. Budgeting: 50/20/30 rule (50% for family needs, 20% for children’s education, 30% for savings).
2. Education Fund: Allocate ₹15,000 monthly to save for children’s future education.
3. Retirement: Use a balanced portfolio with 50% equities, 30% debt, 20% in stable instruments.
4. Retirement Goal: Consistently invest 30% to reach ₹7000000 by age 60.","Financial actions:
1. Prioritize budgeting 50% for needs, 20% for education savings, and 30% for retirement.
2. Save ₹15,000 monthly for an education fund.
3. Balance retirement investments in equities and debt.
4. Consistent savings of 30% can secure a retirement fund of ₹7000000.",Integrated Financial Planning,Investment Strategy Handbook,Family-Focused Financial Plan
"Scenario: A 35-year-old professional with an income of ₹90000 needs a financial plan to support family, save for children’s education, and plan for retirement with ₹7500000.","Suggested steps:
1. Budgeting: 50/20/30 rule (50% for family needs, 20% for children’s education, 30% for savings).
2. Education Fund: Allocate ₹15,000 monthly to save for children’s future education.
3. Retirement: Use a balanced portfolio with 50% equities, 30% debt, 20% in stable instruments.
4. Retirement Goal: Consistently invest 30% to reach ₹7500000 by age 60.","Financial actions:
1. Prioritize budgeting 50% for needs, 20% for education savings, and 30% for retirement.
2. Save ₹15,000 monthly for an education fund.
3. Balance retirement investments in equities and debt.
4. Consistent savings of 30% can secure a retirement fund of ₹7500000.",Integrated Financial Planning,Debt Management Guide,Family-Focused Financial Plan
"Scenario: A 36-year-old professional with an income of ₹100000 needs a financial plan to support family, save for children’s education, and plan for retirement with ₹8000000.","Suggested steps:
1. Budgeting: 50/20/30 rule (50% for family needs, 20% for children’s education, 30% for savings).
2. Education Fund: Allocate ₹15,000 monthly to save for children’s future education.
3. Retirement: Use a balanced portfolio with 50% equities, 30% debt, 20% in stable instruments.
4. Retirement Goal: Consistently invest 30% to reach ₹8000000 by age 60.","Financial actions:
1. Prioritize budgeting 50% for needs, 20% for education savings, and 30% for retirement.
2. Save ₹15,000 monthly for an education fund.
3. Balance retirement investments in equities and debt.
4. Consistent savings of 30% can secure a retirement fund of ₹8000000.",Integrated Financial Planning,Insurance & Security Planning,Family-Focused Financial Plan
"Scenario: A 37-year-old professional with an income of ₹110000 needs a financial plan to support family, save for children’s education, and plan for retirement with ₹8500000.","Suggested steps:
1. Budgeting: 50/20/30 rule (50% for family needs, 20% for children’s education, 30% for savings).
2. Education Fund: Allocate ₹15,000 monthly to save for children’s future education.
3. Retirement: Use a balanced portfolio with 50% equities, 30% debt, 20% in stable instruments.
4. Retirement Goal: Consistently invest 30% to reach ₹8500000 by age 60.","Financial actions:
1. Prioritize budgeting 50% for needs, 20% for education savings, and 30% for retirement.
2. Save ₹15,000 monthly for an education fund.
3. Balance retirement investments in equities and debt.
4. Consistent savings of 30% can secure a retirement fund of ₹8500000.",Integrated Financial Planning,Long-Term Savings Manual,Family-Focused Financial Plan
"Scenario: A 38-year-old professional with an income of ₹40000 needs a financial plan to support family, save for children’s education, and plan for retirement with ₹9000000.","Suggested steps:
1. Budgeting: 50/20/30 rule (50% for family needs, 20% for children’s education, 30% for savings).
2. Education Fund: Allocate ₹15,000 monthly to save for children’s future education.
3. Retirement: Use a balanced portfolio with 50% equities, 30% debt, 20% in stable instruments.
4. Retirement Goal: Consistently invest 30% to reach ₹9000000 by age 60.","Financial actions:
1. Prioritize budgeting 50% for needs, 20% for education savings, and 30% for retirement.
2. Save ₹15,000 monthly for an education fund.
3. Balance retirement investments in equities and debt.
4. Consistent savings of 30% can secure a retirement fund of ₹9000000.",Integrated Financial Planning,Flexible Financial Guide,Family-Focused Financial Plan
"Scenario: A 39-year-old professional with an income of ₹50000 needs a financial plan to support family, save for children’s education, and plan for retirement with ₹9500000.","Suggested steps:
1. Budgeting: 50/20/30 rule (50% for family needs, 20% for children’s education, 30% for savings).
2. Education Fund: Allocate ₹15,000 monthly to save for children’s future education.
3. Retirement: Use a balanced portfolio with 50% equities, 30% debt, 20% in stable instruments.
4. Retirement Goal: Consistently invest 30% to reach ₹9500000 by age 60.","Financial actions:
1. Prioritize budgeting 50% for needs, 20% for education savings, and 30% for retirement.
2. Save ₹15,000 monthly for an education fund.
3. Balance retirement investments in equities and debt.
4. Consistent savings of 30% can secure a retirement fund of ₹9500000.",Integrated Financial Planning,Family Finance Planner,Family-Focused Financial Plan
"Scenario: A 40-year-old professional with an income of ₹60000 needs a financial plan to support family, save for children’s education, and plan for retirement with ₹5000000.","Suggested steps:
1. Budgeting: 50/20/30 rule (50% for family needs, 20% for children’s education, 30% for savings).
2. Education Fund: Allocate ₹15,000 monthly to save for children’s future education.
3. Retirement: Use a balanced portfolio with 50% equities, 30% debt, 20% in stable instruments.
4. Retirement Goal: Consistently invest 30% to reach ₹5000000 by age 60.","Financial actions:
1. Prioritize budgeting 50% for needs, 20% for education savings, and 30% for retirement.
2. Save ₹15,000 monthly for an education fund.
3. Balance retirement investments in equities and debt.
4. Consistent savings of 30% can secure a retirement fund of ₹5000000.",Integrated Financial Planning,Investment Strategy Handbook,Family-Focused Financial Plan
"Scenario: A 41-year-old professional with an income of ₹70000 needs a financial plan to support family, save for children’s education, and plan for retirement with ₹5500000.","Suggested steps:
1. Budgeting: 50/20/30 rule (50% for family needs, 20% for children’s education, 30% for savings).
2. Education Fund: Allocate ₹15,000 monthly to save for children’s future education.
3. Retirement: Use a balanced portfolio with 50% equities, 30% debt, 20% in stable instruments.
4. Retirement Goal: Consistently invest 30% to reach ₹5500000 by age 60.","Financial actions:
1. Prioritize budgeting 50% for needs, 20% for education savings, and 30% for retirement.
2. Save ₹15,000 monthly for an education fund.
3. Balance retirement investments in equities and debt.
4. Consistent savings of 30% can secure a retirement fund of ₹5500000.",Integrated Financial Planning,Debt Management Guide,Family-Focused Financial Plan
"Scenario: A 42-year-old professional with an income of ₹80000 needs a financial plan to support family, save for children’s education, and plan for retirement with ₹6000000.","Suggested steps:
1. Budgeting: 50/20/30 rule (50% for family needs, 20% for children’s education, 30% for savings).
2. Education Fund: Allocate ₹15,000 monthly to save for children’s future education.
3. Retirement: Use a balanced portfolio with 50% equities, 30% debt, 20% in stable instruments.
4. Retirement Goal: Consistently invest 30% to reach ₹6000000 by age 60.","Financial actions:
1. Prioritize budgeting 50% for needs, 20% for education savings, and 30% for retirement.
2. Save ₹15,000 monthly for an education fund.
3. Balance retirement investments in equities and debt.
4. Consistent savings of 30% can secure a retirement fund of ₹6000000.",Integrated Financial Planning,Insurance & Security Planning,Family-Focused Financial Plan
"Scenario: A 43-year-old professional with an income of ₹90000 needs a financial plan to support family, save for children’s education, and plan for retirement with ₹6500000.","Suggested steps:
1. Budgeting: 50/20/30 rule (50% for family needs, 20% for children’s education, 30% for savings).
2. Education Fund: Allocate ₹15,000 monthly to save for children’s future education.
3. Retirement: Use a balanced portfolio with 50% equities, 30% debt, 20% in stable instruments.
4. Retirement Goal: Consistently invest 30% to reach ₹6500000 by age 60.","Financial actions:
1. Prioritize budgeting 50% for needs, 20% for education savings, and 30% for retirement.
2. Save ₹15,000 monthly for an education fund.
3. Balance retirement investments in equities and debt.
4. Consistent savings of 30% can secure a retirement fund of ₹6500000.",Integrated Financial Planning,Long-Term Savings Manual,Family-Focused Financial Plan
"Scenario: A 44-year-old professional with an income of ₹100000 needs a financial plan to support family, save for children’s education, and plan for retirement with ₹7000000.","Suggested steps:
1. Budgeting: 50/20/30 rule (50% for family needs, 20% for children’s education, 30% for savings).
2. Education Fund: Allocate ₹15,000 monthly to save for children’s future education.
3. Retirement: Use a balanced portfolio with 50% equities, 30% debt, 20% in stable instruments.
4. Retirement Goal: Consistently invest 30% to reach ₹7000000 by age 60.","Financial actions:
1. Prioritize budgeting 50% for needs, 20% for education savings, and 30% for retirement.
2. Save ₹15,000 monthly for an education fund.
3. Balance retirement investments in equities and debt.
4. Consistent savings of 30% can secure a retirement fund of ₹7000000.",Integrated Financial Planning,Flexible Financial Guide,Family-Focused Financial Plan
"Scenario: A 45-year-old nearing retirement with ₹110000 monthly income wants to preserve capital, secure health insurance, and prepare for a stable retirement.","Recommended strategy:
1. Budgeting: 40/20/40 rule (40% for essentials, 20% discretionary, 40% savings).
2. Insurance: Get comprehensive health coverage and term life insurance.
3. Retirement Portfolio: Invest 70% in debt funds and 30% in low-risk bonds or FDs.
4. Focus: Capital preservation to ensure a steady income in retirement.","For this scenario:
1. Follow a 40/20/40 budgeting rule.
2. Prioritize health insurance coverage and secure life insurance if needed.
3. Invest conservatively in debt funds and fixed deposits.
4. This strategy ensures stable income and minimal risk as you enter retirement.",Integrated Financial Planning,Family Finance Planner,Retirement Preservation Scenario
"Scenario: A 46-year-old nearing retirement with ₹40000 monthly income wants to preserve capital, secure health insurance, and prepare for a stable retirement.","Recommended strategy:
1. Budgeting: 40/20/40 rule (40% for essentials, 20% discretionary, 40% savings).
2. Insurance: Get comprehensive health coverage and term life insurance.
3. Retirement Portfolio: Invest 70% in debt funds and 30% in low-risk bonds or FDs.
4. Focus: Capital preservation to ensure a steady income in retirement.","For this scenario:
1. Follow a 40/20/40 budgeting rule.
2. Prioritize health insurance coverage and secure life insurance if needed.
3. Invest conservatively in debt funds and fixed deposits.
4. This strategy ensures stable income and minimal risk as you enter retirement.",Integrated Financial Planning,Investment Strategy Handbook,Retirement Preservation Scenario
"Scenario: A 47-year-old nearing retirement with ₹50000 monthly income wants to preserve capital, secure health insurance, and prepare for a stable retirement.","Recommended strategy:
1. Budgeting: 40/20/40 rule (40% for essentials, 20% discretionary, 40% savings).
2. Insurance: Get comprehensive health coverage and term life insurance.
3. Retirement Portfolio: Invest 70% in debt funds and 30% in low-risk bonds or FDs.
4. Focus: Capital preservation to ensure a steady income in retirement.","For this scenario:
1. Follow a 40/20/40 budgeting rule.
2. Prioritize health insurance coverage and secure life insurance if needed.
3. Invest conservatively in debt funds and fixed deposits.
4. This strategy ensures stable income and minimal risk as you enter retirement.",Integrated Financial Planning,Debt Management Guide,Retirement Preservation Scenario
"Scenario: A 48-year-old nearing retirement with ₹60000 monthly income wants to preserve capital, secure health insurance, and prepare for a stable retirement.","Recommended strategy:
1. Budgeting: 40/20/40 rule (40% for essentials, 20% discretionary, 40% savings).
2. Insurance: Get comprehensive health coverage and term life insurance.
3. Retirement Portfolio: Invest 70% in debt funds and 30% in low-risk bonds or FDs.
4. Focus: Capital preservation to ensure a steady income in retirement.","For this scenario:
1. Follow a 40/20/40 budgeting rule.
2. Prioritize health insurance coverage and secure life insurance if needed.
3. Invest conservatively in debt funds and fixed deposits.
4. This strategy ensures stable income and minimal risk as you enter retirement.",Integrated Financial Planning,Insurance & Security Planning,Retirement Preservation Scenario
"Scenario: A 49-year-old nearing retirement with ₹70000 monthly income wants to preserve capital, secure health insurance, and prepare for a stable retirement.","Recommended strategy:
1. Budgeting: 40/20/40 rule (40% for essentials, 20% discretionary, 40% savings).
2. Insurance: Get comprehensive health coverage and term life insurance.
3. Retirement Portfolio: Invest 70% in debt funds and 30% in low-risk bonds or FDs.
4. Focus: Capital preservation to ensure a steady income in retirement.","For this scenario:
1. Follow a 40/20/40 budgeting rule.
2. Prioritize health insurance coverage and secure life insurance if needed.
3. Invest conservatively in debt funds and fixed deposits.
4. This strategy ensures stable income and minimal risk as you enter retirement.",Integrated Financial Planning,Long-Term Savings Manual,Retirement Preservation Scenario
"Scenario: A 50-year-old nearing retirement with ₹80000 monthly income wants to preserve capital, secure health insurance, and prepare for a stable retirement.","Recommended strategy:
1. Budgeting: 40/20/40 rule (40% for essentials, 20% discretionary, 40% savings).
2. Insurance: Get comprehensive health coverage and term life insurance.
3. Retirement Portfolio: Invest 70% in debt funds and 30% in low-risk bonds or FDs.
4. Focus: Capital preservation to ensure a steady income in retirement.","For this scenario:
1. Follow a 40/20/40 budgeting rule.
2. Prioritize health insurance coverage and secure life insurance if needed.
3. Invest conservatively in debt funds and fixed deposits.
4. This strategy ensures stable income and minimal risk as you enter retirement.",Integrated Financial Planning,Flexible Financial Guide,Retirement Preservation Scenario
"Scenario: A 51-year-old nearing retirement with ₹90000 monthly income wants to preserve capital, secure health insurance, and prepare for a stable retirement.","Recommended strategy:
1. Budgeting: 40/20/40 rule (40% for essentials, 20% discretionary, 40% savings).
2. Insurance: Get comprehensive health coverage and term life insurance.
3. Retirement Portfolio: Invest 70% in debt funds and 30% in low-risk bonds or FDs.
4. Focus: Capital preservation to ensure a steady income in retirement.","For this scenario:
1. Follow a 40/20/40 budgeting rule.
2. Prioritize health insurance coverage and secure life insurance if needed.
3. Invest conservatively in debt funds and fixed deposits.
4. This strategy ensures stable income and minimal risk as you enter retirement.",Integrated Financial Planning,Family Finance Planner,Retirement Preservation Scenario
"Scenario: A 52-year-old nearing retirement with ₹100000 monthly income wants to preserve capital, secure health insurance, and prepare for a stable retirement.","Recommended strategy:
1. Budgeting: 40/20/40 rule (40% for essentials, 20% discretionary, 40% savings).
2. Insurance: Get comprehensive health coverage and term life insurance.
3. Retirement Portfolio: Invest 70% in debt funds and 30% in low-risk bonds or FDs.
4. Focus: Capital preservation to ensure a steady income in retirement.","For this scenario:
1. Follow a 40/20/40 budgeting rule.
2. Prioritize health insurance coverage and secure life insurance if needed.
3. Invest conservatively in debt funds and fixed deposits.
4. This strategy ensures stable income and minimal risk as you enter retirement.",Integrated Financial Planning,Investment Strategy Handbook,Retirement Preservation Scenario
"Scenario: A 53-year-old nearing retirement with ₹110000 monthly income wants to preserve capital, secure health insurance, and prepare for a stable retirement.","Recommended strategy:
1. Budgeting: 40/20/40 rule (40% for essentials, 20% discretionary, 40% savings).
2. Insurance: Get comprehensive health coverage and term life insurance.
3. Retirement Portfolio: Invest 70% in debt funds and 30% in low-risk bonds or FDs.
4. Focus: Capital preservation to ensure a steady income in retirement.","For this scenario:
1. Follow a 40/20/40 budgeting rule.
2. Prioritize health insurance coverage and secure life insurance if needed.
3. Invest conservatively in debt funds and fixed deposits.
4. This strategy ensures stable income and minimal risk as you enter retirement.",Integrated Financial Planning,Debt Management Guide,Retirement Preservation Scenario
"Scenario: A 54-year-old nearing retirement with ₹40000 monthly income wants to preserve capital, secure health insurance, and prepare for a stable retirement.","Recommended strategy:
1. Budgeting: 40/20/40 rule (40% for essentials, 20% discretionary, 40% savings).
2. Insurance: Get comprehensive health coverage and term life insurance.
3. Retirement Portfolio: Invest 70% in debt funds and 30% in low-risk bonds or FDs.
4. Focus: Capital preservation to ensure a steady income in retirement.","For this scenario:
1. Follow a 40/20/40 budgeting rule.
2. Prioritize health insurance coverage and secure life insurance if needed.
3. Invest conservatively in debt funds and fixed deposits.
4. This strategy ensures stable income and minimal risk as you enter retirement.",Integrated Financial Planning,Insurance & Security Planning,Retirement Preservation Scenario
"Scenario: A 55-year-old nearing retirement with ₹50000 monthly income wants to preserve capital, secure health insurance, and prepare for a stable retirement.","Recommended strategy:
1. Budgeting: 40/20/40 rule (40% for essentials, 20% discretionary, 40% savings).
2. Insurance: Get comprehensive health coverage and term life insurance.
3. Retirement Portfolio: Invest 70% in debt funds and 30% in low-risk bonds or FDs.
4. Focus: Capital preservation to ensure a steady income in retirement.","For this scenario:
1. Follow a 40/20/40 budgeting rule.
2. Prioritize health insurance coverage and secure life insurance if needed.
3. Invest conservatively in debt funds and fixed deposits.
4. This strategy ensures stable income and minimal risk as you enter retirement.",Integrated Financial Planning,Long-Term Savings Manual,Retirement Preservation Scenario
"Scenario: A 56-year-old nearing retirement with ₹60000 monthly income wants to preserve capital, secure health insurance, and prepare for a stable retirement.","Recommended strategy:
1. Budgeting: 40/20/40 rule (40% for essentials, 20% discretionary, 40% savings).
2. Insurance: Get comprehensive health coverage and term life insurance.
3. Retirement Portfolio: Invest 70% in debt funds and 30% in low-risk bonds or FDs.
4. Focus: Capital preservation to ensure a steady income in retirement.","For this scenario:
1. Follow a 40/20/40 budgeting rule.
2. Prioritize health insurance coverage and secure life insurance if needed.
3. Invest conservatively in debt funds and fixed deposits.
4. This strategy ensures stable income and minimal risk as you enter retirement.",Integrated Financial Planning,Flexible Financial Guide,Retirement Preservation Scenario
"Scenario: A 57-year-old nearing retirement with ₹70000 monthly income wants to preserve capital, secure health insurance, and prepare for a stable retirement.","Recommended strategy:
1. Budgeting: 40/20/40 rule (40% for essentials, 20% discretionary, 40% savings).
2. Insurance: Get comprehensive health coverage and term life insurance.
3. Retirement Portfolio: Invest 70% in debt funds and 30% in low-risk bonds or FDs.
4. Focus: Capital preservation to ensure a steady income in retirement.","For this scenario:
1. Follow a 40/20/40 budgeting rule.
2. Prioritize health insurance coverage and secure life insurance if needed.
3. Invest conservatively in debt funds and fixed deposits.
4. This strategy ensures stable income and minimal risk as you enter retirement.",Integrated Financial Planning,Family Finance Planner,Retirement Preservation Scenario
"Scenario: A 58-year-old nearing retirement with ₹80000 monthly income wants to preserve capital, secure health insurance, and prepare for a stable retirement.","Recommended strategy:
1. Budgeting: 40/20/40 rule (40% for essentials, 20% discretionary, 40% savings).
2. Insurance: Get comprehensive health coverage and term life insurance.
3. Retirement Portfolio: Invest 70% in debt funds and 30% in low-risk bonds or FDs.
4. Focus: Capital preservation to ensure a steady income in retirement.","For this scenario:
1. Follow a 40/20/40 budgeting rule.
2. Prioritize health insurance coverage and secure life insurance if needed.
3. Invest conservatively in debt funds and fixed deposits.
4. This strategy ensures stable income and minimal risk as you enter retirement.",Integrated Financial Planning,Investment Strategy Handbook,Retirement Preservation Scenario
"Scenario: A 59-year-old nearing retirement with ₹90000 monthly income wants to preserve capital, secure health insurance, and prepare for a stable retirement.","Recommended strategy:
1. Budgeting: 40/20/40 rule (40% for essentials, 20% discretionary, 40% savings).
2. Insurance: Get comprehensive health coverage and term life insurance.
3. Retirement Portfolio: Invest 70% in debt funds and 30% in low-risk bonds or FDs.
4. Focus: Capital preservation to ensure a steady income in retirement.","For this scenario:
1. Follow a 40/20/40 budgeting rule.
2. Prioritize health insurance coverage and secure life insurance if needed.
3. Invest conservatively in debt funds and fixed deposits.
4. This strategy ensures stable income and minimal risk as you enter retirement.",Integrated Financial Planning,Debt Management Guide,Retirement Preservation Scenario
"Scenario: A 25-year-old with a monthly income of ₹100000 wants to aggressively invest for wealth growth, while building an emergency fund. They plan to retire with at least ₹5000000.","Recommended approach:
1. Budgeting: Use a 40/30/30 rule (40% needs, 30% discretionary, 30% savings).
2. Emergency Fund: Set aside ₹10,000 monthly until 3 months’ expenses are covered.
3. Investment: Allocate 80% of savings to high-growth equities, 20% to debt instruments.
4. Retirement Goal: With an aggressive investment, aim to accumulate ₹5000000 by age 60.","Suggested actions:
1. Allocate 40% for essentials, 30% for lifestyle, and 30% for savings.
2. Build an emergency fund within the next year.
3. Invest heavily in equities (80%) and 20% in safer instruments to balance.
4. This aggressive strategy will help achieve a retirement corpus of ₹5000000 by age 60.",Integrated Financial Planning,Insurance & Security Planning,Aggressive Investment Scenario
"Scenario: A 26-year-old with a monthly income of ₹110000 wants to aggressively invest for wealth growth, while building an emergency fund. They plan to retire with at least ₹5500000.","Recommended approach:
1. Budgeting: Use a 40/30/30 rule (40% needs, 30% discretionary, 30% savings).
2. Emergency Fund: Set aside ₹10,000 monthly until 3 months’ expenses are covered.
3. Investment: Allocate 80% of savings to high-growth equities, 20% to debt instruments.
4. Retirement Goal: With an aggressive investment, aim to accumulate ₹5500000 by age 60.","Suggested actions:
1. Allocate 40% for essentials, 30% for lifestyle, and 30% for savings.
2. Build an emergency fund within the next year.
3. Invest heavily in equities (80%) and 20% in safer instruments to balance.
4. This aggressive strategy will help achieve a retirement corpus of ₹5500000 by age 60.",Integrated Financial Planning,Long-Term Savings Manual,Aggressive Investment Scenario
"Scenario: A 27-year-old with a monthly income of ₹40000 wants to aggressively invest for wealth growth, while building an emergency fund. They plan to retire with at least ₹6000000.","Recommended approach:
1. Budgeting: Use a 40/30/30 rule (40% needs, 30% discretionary, 30% savings).
2. Emergency Fund: Set aside ₹10,000 monthly until 3 months’ expenses are covered.
3. Investment: Allocate 80% of savings to high-growth equities, 20% to debt instruments.
4. Retirement Goal: With an aggressive investment, aim to accumulate ₹6000000 by age 60.","Suggested actions:
1. Allocate 40% for essentials, 30% for lifestyle, and 30% for savings.
2. Build an emergency fund within the next year.
3. Invest heavily in equities (80%) and 20% in safer instruments to balance.
4. This aggressive strategy will help achieve a retirement corpus of ₹6000000 by age 60.",Integrated Financial Planning,Flexible Financial Guide,Aggressive Investment Scenario
"Scenario: A 28-year-old with a monthly income of ₹50000 wants to aggressively invest for wealth growth, while building an emergency fund. They plan to retire with at least ₹6500000.","Recommended approach:
1. Budgeting: Use a 40/30/30 rule (40% needs, 30% discretionary, 30% savings).
2. Emergency Fund: Set aside ₹10,000 monthly until 3 months’ expenses are covered.
3. Investment: Allocate 80% of savings to high-growth equities, 20% to debt instruments.
4. Retirement Goal: With an aggressive investment, aim to accumulate ₹6500000 by age 60.","Suggested actions:
1. Allocate 40% for essentials, 30% for lifestyle, and 30% for savings.
2. Build an emergency fund within the next year.
3. Invest heavily in equities (80%) and 20% in safer instruments to balance.
4. This aggressive strategy will help achieve a retirement corpus of ₹6500000 by age 60.",Integrated Financial Planning,Family Finance Planner,Aggressive Investment Scenario
"Scenario: A 29-year-old with a monthly income of ₹60000 wants to aggressively invest for wealth growth, while building an emergency fund. They plan to retire with at least ₹7000000.","Recommended approach:
1. Budgeting: Use a 40/30/30 rule (40% needs, 30% discretionary, 30% savings).
2. Emergency Fund: Set aside ₹10,000 monthly until 3 months’ expenses are covered.
3. Investment: Allocate 80% of savings to high-growth equities, 20% to debt instruments.
4. Retirement Goal: With an aggressive investment, aim to accumulate ₹7000000 by age 60.","Suggested actions:
1. Allocate 40% for essentials, 30% for lifestyle, and 30% for savings.
2. Build an emergency fund within the next year.
3. Invest heavily in equities (80%) and 20% in safer instruments to balance.
4. This aggressive strategy will help achieve a retirement corpus of ₹7000000 by age 60.",Integrated Financial Planning,Investment Strategy Handbook,Aggressive Investment Scenario
"Scenario: A 30-year-old professional with an income of ₹70000 needs a financial plan to support family, save for children’s education, and plan for retirement with ₹7500000.","Suggested steps:
1. Budgeting: 50/20/30 rule (50% for family needs, 20% for children’s education, 30% for savings).
2. Education Fund: Allocate ₹15,000 monthly to save for children’s future education.
3. Retirement: Use a balanced portfolio with 50% equities, 30% debt, 20% in stable instruments.
4. Retirement Goal: Consistently invest 30% to reach ₹7500000 by age 60.","Financial actions:
1. Prioritize budgeting 50% for needs, 20% for education savings, and 30% for retirement.
2. Save ₹15,000 monthly for an education fund.
3. Balance retirement investments in equities and debt.
4. Consistent savings of 30% can secure a retirement fund of ₹7500000.",Integrated Financial Planning,Debt Management Guide,Family-Focused Financial Plan
"Scenario: A 31-year-old professional with an income of ₹80000 needs a financial plan to support family, save for children’s education, and plan for retirement with ₹8000000.","Suggested steps:
1. Budgeting: 50/20/30 rule (50% for family needs, 20% for children’s education, 30% for savings).
2. Education Fund: Allocate ₹15,000 monthly to save for children’s future education.
3. Retirement: Use a balanced portfolio with 50% equities, 30% debt, 20% in stable instruments.
4. Retirement Goal: Consistently invest 30% to reach ₹8000000 by age 60.","Financial actions:
1. Prioritize budgeting 50% for needs, 20% for education savings, and 30% for retirement.
2. Save ₹15,000 monthly for an education fund.
3. Balance retirement investments in equities and debt.
4. Consistent savings of 30% can secure a retirement fund of ₹8000000.",Integrated Financial Planning,Insurance & Security Planning,Family-Focused Financial Plan
"Scenario: A 32-year-old professional with an income of ₹90000 needs a financial plan to support family, save for children’s education, and plan for retirement with ₹8500000.","Suggested steps:
1. Budgeting: 50/20/30 rule (50% for family needs, 20% for children’s education, 30% for savings).
2. Education Fund: Allocate ₹15,000 monthly to save for children’s future education.
3. Retirement: Use a balanced portfolio with 50% equities, 30% debt, 20% in stable instruments.
4. Retirement Goal: Consistently invest 30% to reach ₹8500000 by age 60.","Financial actions:
1. Prioritize budgeting 50% for needs, 20% for education savings, and 30% for retirement.
2. Save ₹15,000 monthly for an education fund.
3. Balance retirement investments in equities and debt.
4. Consistent savings of 30% can secure a retirement fund of ₹8500000.",Integrated Financial Planning,Long-Term Savings Manual,Family-Focused Financial Plan
"Scenario: A 33-year-old professional with an income of ₹100000 needs a financial plan to support family, save for children’s education, and plan for retirement with ₹9000000.","Suggested steps:
1. Budgeting: 50/20/30 rule (50% for family needs, 20% for children’s education, 30% for savings).
2. Education Fund: Allocate ₹15,000 monthly to save for children’s future education.
3. Retirement: Use a balanced portfolio with 50% equities, 30% debt, 20% in stable instruments.
4. Retirement Goal: Consistently invest 30% to reach ₹9000000 by age 60.","Financial actions:
1. Prioritize budgeting 50% for needs, 20% for education savings, and 30% for retirement.
2. Save ₹15,000 monthly for an education fund.
3. Balance retirement investments in equities and debt.
4. Consistent savings of 30% can secure a retirement fund of ₹9000000.",Integrated Financial Planning,Flexible Financial Guide,Family-Focused Financial Plan
"Scenario: A 34-year-old professional with an income of ₹110000 needs a financial plan to support family, save for children’s education, and plan for retirement with ₹9500000.","Suggested steps:
1. Budgeting: 50/20/30 rule (50% for family needs, 20% for children’s education, 30% for savings).
2. Education Fund: Allocate ₹15,000 monthly to save for children’s future education.
3. Retirement: Use a balanced portfolio with 50% equities, 30% debt, 20% in stable instruments.
4. Retirement Goal: Consistently invest 30% to reach ₹9500000 by age 60.","Financial actions:
1. Prioritize budgeting 50% for needs, 20% for education savings, and 30% for retirement.
2. Save ₹15,000 monthly for an education fund.
3. Balance retirement investments in equities and debt.
4. Consistent savings of 30% can secure a retirement fund of ₹9500000.",Integrated Financial Planning,Family Finance Planner,Family-Focused Financial Plan
"Scenario: A 35-year-old professional with an income of ₹40000 needs a financial plan to support family, save for children’s education, and plan for retirement with ₹5000000.","Suggested steps:
1. Budgeting: 50/20/30 rule (50% for family needs, 20% for children’s education, 30% for savings).
2. Education Fund: Allocate ₹15,000 monthly to save for children’s future education.
3. Retirement: Use a balanced portfolio with 50% equities, 30% debt, 20% in stable instruments.
4. Retirement Goal: Consistently invest 30% to reach ₹5000000 by age 60.","Financial actions:
1. Prioritize budgeting 50% for needs, 20% for education savings, and 30% for retirement.
2. Save ₹15,000 monthly for an education fund.
3. Balance retirement investments in equities and debt.
4. Consistent savings of 30% can secure a retirement fund of ₹5000000.",Integrated Financial Planning,Investment Strategy Handbook,Family-Focused Financial Plan
"Scenario: A 36-year-old professional with an income of ₹50000 needs a financial plan to support family, save for children’s education, and plan for retirement with ₹5500000.","Suggested steps:
1. Budgeting: 50/20/30 rule (50% for family needs, 20% for children’s education, 30% for savings).
2. Education Fund: Allocate ₹15,000 monthly to save for children’s future education.
3. Retirement: Use a balanced portfolio with 50% equities, 30% debt, 20% in stable instruments.
4. Retirement Goal: Consistently invest 30% to reach ₹5500000 by age 60.","Financial actions:
1. Prioritize budgeting 50% for needs, 20% for education savings, and 30% for retirement.
2. Save ₹15,000 monthly for an education fund.
3. Balance retirement investments in equities and debt.
4. Consistent savings of 30% can secure a retirement fund of ₹5500000.",Integrated Financial Planning,Debt Management Guide,Family-Focused Financial Plan
"Scenario: A 37-year-old professional with an income of ₹60000 needs a financial plan to support family, save for children’s education, and plan for retirement with ₹6000000.","Suggested steps:
1. Budgeting: 50/20/30 rule (50% for family needs, 20% for children’s education, 30% for savings).
2. Education Fund: Allocate ₹15,000 monthly to save for children’s future education.
3. Retirement: Use a balanced portfolio with 50% equities, 30% debt, 20% in stable instruments.
4. Retirement Goal: Consistently invest 30% to reach ₹6000000 by age 60.","Financial actions:
1. Prioritize budgeting 50% for needs, 20% for education savings, and 30% for retirement.
2. Save ₹15,000 monthly for an education fund.
3. Balance retirement investments in equities and debt.
4. Consistent savings of 30% can secure a retirement fund of ₹6000000.",Integrated Financial Planning,Insurance & Security Planning,Family-Focused Financial Plan
"Scenario: A 38-year-old professional with an income of ₹70000 needs a financial plan to support family, save for children’s education, and plan for retirement with ₹6500000.","Suggested steps:
1. Budgeting: 50/20/30 rule (50% for family needs, 20% for children’s education, 30% for savings).
2. Education Fund: Allocate ₹15,000 monthly to save for children’s future education.
3. Retirement: Use a balanced portfolio with 50% equities, 30% debt, 20% in stable instruments.
4. Retirement Goal: Consistently invest 30% to reach ₹6500000 by age 60.","Financial actions:
1. Prioritize budgeting 50% for needs, 20% for education savings, and 30% for retirement.
2. Save ₹15,000 monthly for an education fund.
3. Balance retirement investments in equities and debt.
4. Consistent savings of 30% can secure a retirement fund of ₹6500000.",Integrated Financial Planning,Long-Term Savings Manual,Family-Focused Financial Plan
"Scenario: A 39-year-old professional with an income of ₹80000 needs a financial plan to support family, save for children’s education, and plan for retirement with ₹7000000.","Suggested steps:
1. Budgeting: 50/20/30 rule (50% for family needs, 20% for children’s education, 30% for savings).
2. Education Fund: Allocate ₹15,000 monthly to save for children’s future education.
3. Retirement: Use a balanced portfolio with 50% equities, 30% debt, 20% in stable instruments.
4. Retirement Goal: Consistently invest 30% to reach ₹7000000 by age 60.","Financial actions:
1. Prioritize budgeting 50% for needs, 20% for education savings, and 30% for retirement.
2. Save ₹15,000 monthly for an education fund.
3. Balance retirement investments in equities and debt.
4. Consistent savings of 30% can secure a retirement fund of ₹7000000.",Integrated Financial Planning,Flexible Financial Guide,Family-Focused Financial Plan
"Scenario: A 40-year-old professional with an income of ₹90000 needs a financial plan to support family, save for children’s education, and plan for retirement with ₹7500000.","Suggested steps:
1. Budgeting: 50/20/30 rule (50% for family needs, 20% for children’s education, 30% for savings).
2. Education Fund: Allocate ₹15,000 monthly to save for children’s future education.
3. Retirement: Use a balanced portfolio with 50% equities, 30% debt, 20% in stable instruments.
4. Retirement Goal: Consistently invest 30% to reach ₹7500000 by age 60.","Financial actions:
1. Prioritize budgeting 50% for needs, 20% for education savings, and 30% for retirement.
2. Save ₹15,000 monthly for an education fund.
3. Balance retirement investments in equities and debt.
4. Consistent savings of 30% can secure a retirement fund of ₹7500000.",Integrated Financial Planning,Family Finance Planner,Family-Focused Financial Plan
"Scenario: A 41-year-old professional with an income of ₹100000 needs a financial plan to support family, save for children’s education, and plan for retirement with ₹8000000.","Suggested steps:
1. Budgeting: 50/20/30 rule (50% for family needs, 20% for children’s education, 30% for savings).
2. Education Fund: Allocate ₹15,000 monthly to save for children’s future education.
3. Retirement: Use a balanced portfolio with 50% equities, 30% debt, 20% in stable instruments.
4. Retirement Goal: Consistently invest 30% to reach ₹8000000 by age 60.","Financial actions:
1. Prioritize budgeting 50% for needs, 20% for education savings, and 30% for retirement.
2. Save ₹15,000 monthly for an education fund.
3. Balance retirement investments in equities and debt.
4. Consistent savings of 30% can secure a retirement fund of ₹8000000.",Integrated Financial Planning,Investment Strategy Handbook,Family-Focused Financial Plan
"Scenario: A 42-year-old professional with an income of ₹110000 needs a financial plan to support family, save for children’s education, and plan for retirement with ₹8500000.","Suggested steps:
1. Budgeting: 50/20/30 rule (50% for family needs, 20% for children’s education, 30% for savings).
2. Education Fund: Allocate ₹15,000 monthly to save for children’s future education.
3. Retirement: Use a balanced portfolio with 50% equities, 30% debt, 20% in stable instruments.
4. Retirement Goal: Consistently invest 30% to reach ₹8500000 by age 60.","Financial actions:
1. Prioritize budgeting 50% for needs, 20% for education savings, and 30% for retirement.
2. Save ₹15,000 monthly for an education fund.
3. Balance retirement investments in equities and debt.
4. Consistent savings of 30% can secure a retirement fund of ₹8500000.",Integrated Financial Planning,Debt Management Guide,Family-Focused Financial Plan
"Scenario: A 43-year-old professional with an income of ₹40000 needs a financial plan to support family, save for children’s education, and plan for retirement with ₹9000000.","Suggested steps:
1. Budgeting: 50/20/30 rule (50% for family needs, 20% for children’s education, 30% for savings).
2. Education Fund: Allocate ₹15,000 monthly to save for children’s future education.
3. Retirement: Use a balanced portfolio with 50% equities, 30% debt, 20% in stable instruments.
4. Retirement Goal: Consistently invest 30% to reach ₹9000000 by age 60.","Financial actions:
1. Prioritize budgeting 50% for needs, 20% for education savings, and 30% for retirement.
2. Save ₹15,000 monthly for an education fund.
3. Balance retirement investments in equities and debt.
4. Consistent savings of 30% can secure a retirement fund of ₹9000000.",Integrated Financial Planning,Insurance & Security Planning,Family-Focused Financial Plan
"Scenario: A 44-year-old professional with an income of ₹50000 needs a financial plan to support family, save for children’s education, and plan for retirement with ₹9500000.","Suggested steps:
1. Budgeting: 50/20/30 rule (50% for family needs, 20% for children’s education, 30% for savings).
2. Education Fund: Allocate ₹15,000 monthly to save for children’s future education.
3. Retirement: Use a balanced portfolio with 50% equities, 30% debt, 20% in stable instruments.
4. Retirement Goal: Consistently invest 30% to reach ₹9500000 by age 60.","Financial actions:
1. Prioritize budgeting 50% for needs, 20% for education savings, and 30% for retirement.
2. Save ₹15,000 monthly for an education fund.
3. Balance retirement investments in equities and debt.
4. Consistent savings of 30% can secure a retirement fund of ₹9500000.",Integrated Financial Planning,Long-Term Savings Manual,Family-Focused Financial Plan
"Scenario: A 45-year-old nearing retirement with ₹60000 monthly income wants to preserve capital, secure health insurance, and prepare for a stable retirement.","Recommended strategy:
1. Budgeting: 40/20/40 rule (40% for essentials, 20% discretionary, 40% savings).
2. Insurance: Get comprehensive health coverage and term life insurance.
3. Retirement Portfolio: Invest 70% in debt funds and 30% in low-risk bonds or FDs.
4. Focus: Capital preservation to ensure a steady income in retirement.","For this scenario:
1. Follow a 40/20/40 budgeting rule.
2. Prioritize health insurance coverage and secure life insurance if needed.
3. Invest conservatively in debt funds and fixed deposits.
4. This strategy ensures stable income and minimal risk as you enter retirement.",Integrated Financial Planning,Flexible Financial Guide,Retirement Preservation Scenario
"Scenario: A 46-year-old nearing retirement with ₹70000 monthly income wants to preserve capital, secure health insurance, and prepare for a stable retirement.","Recommended strategy:
1. Budgeting: 40/20/40 rule (40% for essentials, 20% discretionary, 40% savings).
2. Insurance: Get comprehensive health coverage and term life insurance.
3. Retirement Portfolio: Invest 70% in debt funds and 30% in low-risk bonds or FDs.
4. Focus: Capital preservation to ensure a steady income in retirement.","For this scenario:
1. Follow a 40/20/40 budgeting rule.
2. Prioritize health insurance coverage and secure life insurance if needed.
3. Invest conservatively in debt funds and fixed deposits.
4. This strategy ensures stable income and minimal risk as you enter retirement.",Integrated Financial Planning,Family Finance Planner,Retirement Preservation Scenario
"Scenario: A 47-year-old nearing retirement with ₹80000 monthly income wants to preserve capital, secure health insurance, and prepare for a stable retirement.","Recommended strategy:
1. Budgeting: 40/20/40 rule (40% for essentials, 20% discretionary, 40% savings).
2. Insurance: Get comprehensive health coverage and term life insurance.
3. Retirement Portfolio: Invest 70% in debt funds and 30% in low-risk bonds or FDs.
4. Focus: Capital preservation to ensure a steady income in retirement.","For this scenario:
1. Follow a 40/20/40 budgeting rule.
2. Prioritize health insurance coverage and secure life insurance if needed.
3. Invest conservatively in debt funds and fixed deposits.
4. This strategy ensures stable income and minimal risk as you enter retirement.",Integrated Financial Planning,Investment Strategy Handbook,Retirement Preservation Scenario
"Scenario: A 48-year-old nearing retirement with ₹90000 monthly income wants to preserve capital, secure health insurance, and prepare for a stable retirement.","Recommended strategy:
1. Budgeting: 40/20/40 rule (40% for essentials, 20% discretionary, 40% savings).
2. Insurance: Get comprehensive health coverage and term life insurance.
3. Retirement Portfolio: Invest 70% in debt funds and 30% in low-risk bonds or FDs.
4. Focus: Capital preservation to ensure a steady income in retirement.","For this scenario:
1. Follow a 40/20/40 budgeting rule.
2. Prioritize health insurance coverage and secure life insurance if needed.
3. Invest conservatively in debt funds and fixed deposits.
4. This strategy ensures stable income and minimal risk as you enter retirement.",Integrated Financial Planning,Debt Management Guide,Retirement Preservation Scenario
"Scenario: A 49-year-old nearing retirement with ₹100000 monthly income wants to preserve capital, secure health insurance, and prepare for a stable retirement.","Recommended strategy:
1. Budgeting: 40/20/40 rule (40% for essentials, 20% discretionary, 40% savings).
2. Insurance: Get comprehensive health coverage and term life insurance.
3. Retirement Portfolio: Invest 70% in debt funds and 30% in low-risk bonds or FDs.
4. Focus: Capital preservation to ensure a steady income in retirement.","For this scenario:
1. Follow a 40/20/40 budgeting rule.
2. Prioritize health insurance coverage and secure life insurance if needed.
3. Invest conservatively in debt funds and fixed deposits.
4. This strategy ensures stable income and minimal risk as you enter retirement.",Integrated Financial Planning,Insurance & Security Planning,Retirement Preservation Scenario
